Pintu Masuk,"Jumlah Kunjungan Wisatawan Mancanegara per bulan ke Indonesia Menurut Pintu Masuk, 2008 - sekarang (Kunjungan)",,,,,,,,,,,,,,,,,,,,,,,,,,,,,,,,,,,,,,,,,,,,,,,,,,,,,,,,,,,,,,,,,,,,,,,,,,,,,,,,,,,,,,,,,,,,,,,,,,,,,,,,,,,,,,,,,,,,,,,,,,,,,,,,,,,,,,,,,,,,,,,,,,,,,,,,,,,,,,,,,,,,,,,,,,,,,,,,,,,,,,,,,,,,,,,,,,,,,,,,,,,,,,,,,,,,,,,
,2008,,,,,,,,,,,,2009,,,,,,,,,,,,2010,,,,,,,,,,,,2011,,,,,,,,,,,,2012,,,,,,,,,,,,2013,,,,,,,,,,,,2014,,,,,,,,,,,,2015,,,,,,,,,,,,2016,,,,,,,,,,,,2017,,,,,,,,,,,,2018,,,,,,,,,,,,2019,,,,,,,,,,,,2020,,,,,,,,,,,,2021,,,,,,,,,,,,2022,,,,,,,,,,,,2023,,,,,,,,,,,,2024,,,,,,,,,,,,2025,,,,,,,,,,,
,Januari,Februari,Maret,April,Mei,Juni,Juli,Agustus,September,Oktober,November,Desember,Januari,Februari,Maret,April,Mei,Juni,Juli,Agustus,September,Oktober,November,Desember,Januari,Februari,Maret,April,Mei,Juni,Juli,Agustus,September,Oktober,November,Desember,Januari,Februari,Maret,April,Mei,Juni,Juli,Agustus,September,Oktober,November,Desember,Januari,Februari,Maret,April,Mei,Juni,Juli,Agustus,September,Oktober,November,Desember,Januari,Februari,Maret,April,Mei,Juni,Juli,Agustus,September,Oktober,November,Desember,Januari,Februari,Maret,April,Mei,Juni,Juli,Agustus,September,Oktober,November,Desember,Januari,Februari,Maret,April,Mei,Juni,Juli,Agustus,September,Oktober,November,Desember,Januari,Februari,Maret,April,Mei,Juni,Juli,Agustus,September,Oktober,November,Desember,Januari,Februari,Maret,April,Mei,Juni,Juli,Agustus,September,Oktober,November,Desember,Januari,Februari,Maret,April,Mei,Juni,Juli,Agustus,September,Oktober,November,Desember,Januari,Februari,Maret,April,Mei,Juni,Juli,Agustus,September,Oktober,November,Desember,Januari,Februari,Maret,April,Mei,Juni,Juli,Agustus,September,Oktober,November,Desember,Januari,Februari,Maret,April,Mei,Juni,Juli,Agustus,September,Oktober,November,Desember,Januari,Februari,Maret,April,Mei,Juni,Juli,Agustus,September,Oktober,November,Desember,Januari,Februari,Maret,April,Mei,Juni,Juli,Agustus,September,Oktober,November,Desember,Januari,Februari,Maret,April,Mei,Juni,Juli,Agustus,September,Oktober,November,Desember,Januari,Februari,Maret,April,Mei,Juni,Juli,Agustus,September,Oktober,November,Desember
A. Pintu Udara,270189,294147,312324,285113,321657,327611,369353,385538,318911,338085,321359,370881,294794,270702,324597,316141,346170,364887,426217,390155,331184,376600,346575,390712,340049,359018,423943,402118,431258,434110,486783,431164,401250,431614,396216,416954,394893,395228,420178,431339,417037,468813,543170,446871,471222,473750,459210,479549,460031,417115,453805,444598,469019,475928,520409,446606,499071,495817,498838,519868,449297,481181,507704,467817,503039,564997,545003,564762,578721,531645,591980,588254,544958,518574,546784,530165,551646,616754,589071,627366,597470,594312,553480,630352,514693,569113,568134,537918,553773,596079,617198,622058,661105,627112,553965,632243,548863,592968,631176,640094,661824,611469,785275,793587,760591,757044,706431,738303,746666,720428,749150,812927,809941,763470,1002611,1014475,883842,802479,701307,663359,643177,740440,845635,848734,805452,817405,1073385,1006054,911326,855240,716298,825635,706704,731517,758821,772038,711229,829067,975870,977033,900409,855796,777244,838978,821851,562150,255067,783,506,1463,4069,5728,9991,12280,16085,23599,1731,7110,12852,18326,14040,16234,7175,1609,4748,15722,19909,17786,14555,17834,39062,97401,183830,280482,387184,422500,424198,447074,429979,551927,484497,487449,554665,560434,659065,707476,819496,826446,777537,707584,656709,731293,631961,735072,682439,750085,835722,821654,994583,987547,941903,859747,756972,832865,801614,718609,669479,854756,941092,978929,1101619,1108133,996518,954216,805662,888664
Ngurah Rai,147319,159681,159886,154777,167342,178258,190662,195758,189247,189142,172813,176901,173919,146192,168036,188189,190697,200503,235042,232164,218245,225606,184622,221604,178358,191362,191125,184230,199401,224695,252110,243222,232516,229651,196856,222497,208337,201457,202539,224423,208832,245248,279219,252698,252855,244421,220341,248336,249728,209160,222950,222657,220508,241108,271371,253970,255717,252716,237874,264366,229561,236971,247024,239400,244874,275452,297723,309051,305429,266453,296990,292961,278685,269367,268418,277925,285965,329654,358907,336628,352017,339200,293858,341111,288755,333072,294758,309888,287141,357712,381890,298638,379397,366759,262180,363780,343663,367024,354778,367370,394443,405686,482201,437929,442304,423140,396150,437946,455930,448157,424134,477408,488698,505976,594238,601553,551968,464703,360043,309440,345191,443805,484846,516143,526281,540462,624263,571380,555888,515181,406679,495641,451708,436266,441707,476104,483928,549483,604310,602457,589984,565966,492904,544726,533392,358929,166388,273,34,10,16,12,8,7,2,127,2,12,3,9,8,1,0,0,0,2,6,0,0,1293,14617,58315,115553,181545,246442,276627,291115,305152,287025,376361,329909,317005,366956,410281,439454,478127,541272,522063,508297,458845,397522,478382,414937,454398,463804,502870,544492,520792,625569,613540,591848,554892,472714,548685,526831,444411,464697,587315,602055,637744,697068,682839,634482,594846,476507,558790
Soekarno-Hatta,101190,110477,123981,105338,122627,120270,145535,149635,97764,120683,117008,150209,92136,97985,121699,96709,119231,125111,150924,123405,87047,117911,127299,130983,117422,121727,183449,173906,183218,155951,180353,142050,125439,153300,147579,139242,138987,144299,160650,151989,150407,164689,200180,142974,169777,175068,171215,162787,156654,154698,165927,161005,185932,169682,190320,140077,182214,184894,185112,177335,160998,180453,186548,162682,179737,211118,188800,188854,201336,191460,199511,189005,187123,180362,194720,180787,184534,208624,169135,218903,174169,177274,180208,190598,165746,170741,203019,159873,189307,174319,175347,252914,212706,197487,216517,186299,153503,164317,202669,188369,187545,150956,217452,270496,229964,237914,219246,193629,203067,191933,222497,228611,220817,174669,297360,289000,227687,232014,231183,230483,210494,201981,244467,224978,191631,182887,322808,308698,250058,244775,206820,224989,174963,196183,214161,196977,156654,190031,267143,251596,211775,189231,183759,186723,186793,132490,53124,420,396,909,3119,4469,7468,9830,14309,21812,1238,5958,10188,15471,12775,13448,5466,1071,4081,13700,18971,16696,14073,15406,23320,36061,57844,85587,119179,121427,111033,112527,113729,124475,115101,124803,140859,99289,158550,161114,204000,218512,190058,181627,186695,172397,157979,187641,160917,157409,201574,225985,271680,272849,250852,218170,212178,207019,193433,199306,146390,186523,233751,236013,290369,304970,244404,254968,240330,230381
Juanda,927,1328,1686,1669,1697,1607,1952,2048,2109,2432,2032,2308,1981,1956,2274,2538,2543,2393,2970,3559,2633,2675,1923,2270,13889,12241,14455,12561,13459,15008,15941,14420,13171,12297,17255,14191,13580,13086,15317,14179,14894,16215,16788,16553,14264,15406,18650,16883,14200,14290,16257,16061,17017,17503,16036,16003,16065,17394,19995,16955,16869,16718,19113,17674,18128,19898,16897,18974,17250,19487,22986,21047,16870,16476,18776,19145,20299,18685,16174,18239,17124,17997,18324,19084,15366,14003,16338,16063,17355,15004,17134,18311,18167,15798,20449,16863,11674,14955,17894,18186,18386,14755,20424,19029,19907,20819,23126,21415,17279,11998,15844,21461,20447,19658,25252,25330,21890,20439,24360,23208,21532,19621,26391,26306,24420,27329,33390,34166,24835,25938,29992,26609,13792,17389,20497,18431,14529,22485,24913,29180,20462,20895,20780,20546,17119,11706,5765,25,12,97,76,24,20,37,69,85,20,69,52,106,160,181,52,10,2,37,0,0,0,0,57,1468,4598,4722,6087,8386,9152,9415,9644,14264,10777,11882,10606,12361,15734,18025,20303,25548,25593,21996,22389,23244,17196,28026,18543,29043,31222,25015,34446,38587,31700,28182,20820,19265,22119,19205,15647,24800,33409,34092,34421,37406,32664,29534,21629,25019
Kualanamu,8322,8581,9843,9180,11655,9698,11898,14890,8021,10477,11134,16512,11248,9133,13617,11481,13031,14166,13886,12043,9702,11861,12042,15983,11365,12625,14000,12326,13298,15499,15244,11447,12127,13520,14102,16857,12172,14270,15600,14998,16648,15979,17646,13225,14517,15392,19907,22296,15384,14843,19228,16383,18074,16634,15851,14767,16585,15285,21112,21699,14405,16419,17932,15011,20659,20729,15677,16275,18307,17404,24784,27948,19029,17780,18493,15956,19781,19376,16579,16901,17792,20946,22848,29243,17286,18082,17491,15167,17558,15479,15879,16490,14857,14160,16203,19166,10080,14851,15730,13280,15515,12746,17999,15890,19221,21300,21083,26252,18457,15680,20767,19273,19013,18464,20437,25201,19150,20738,23356,26015,15656,17740,21693,18538,14624,18153,22330,23753,19851,15744,21538,19966,16253,21815,21129,21613,15573,18935,20929,24623,18913,21518,20798,22431,19419,14309,7334,10,1,95,68,28,36,29,44,54,11,17,45,22,50,38,28,4,3,0,0,0,0,0,11,494,3861,5165,7518,10287,5895,11454,10615,19198,14146,15072,16106,15497,16262,16527,17478,20843,15783,14161,16363,18237,14751,24628,15068,25178,20469,16949,22693,21930,24956,20129,19145,21142,23011,22546,16881,19709,26183,25183,28306,29858,29107,24621,20826,23425
Husein Sastranegara,0,0,0,0,0,0,0,0,0,0,0,0,0,0,0,0,0,0,0,0,0,0,0,0,6444,6809,7155,6885,8156,7680,8409,7218,5227,9570,6321,10404,9383,8747,9057,9732,9397,11079,11806,6507,6916,9126,11155,12380,9600,10667,13101,12639,12597,15417,11642,7084,13577,7366,14901,18145,13782,11966,16745,13921,17968,16498,7667,8720,14658,12072,18116,24205,16257,14560,21463,13490,14588,16899,6166,10545,14068,15018,16539,20799,10373,13008,15130,16884,18902,15314,6619,10323,10531,10722,14858,16983,10964,8402,15828,30806,16699,8881,9453,12500,14995,17340,12755,22410,8518,13257,17256,16029,15275,8174,11967,15063,13971,14002,15387,17958,11463,12212,15657,14163,10453,6401,12751,13697,13328,13850,14280,17311,12524,15127,16342,14738,8029,8652,12581,13984,12869,13420,14616,14951,12882,12494,5780,0,0,0,0,0,23,15,1,0,0,0,0,0,1,0,0,0,0,0,6,0,0,0,0,0,0,49,21,15,0,0,0,0,0,0,0,0,17,24,3,0,0,0,0,0,0,0,0,0,0,0,22,0,0,0,0,0,0,0,0,0,0,0,0,0,0,0,0,0
Adi Sucipto,0,0,0,0,0,0,0,0,0,0,0,0,0,0,0,0,0,0,0,0,0,0,0,0,3672,4006,4467,3733,5170,4747,4576,4188,3488,4419,1254,3267,2990,3344,5187,4651,5106,3700,4519,3826,2672,3417,4851,3897,3795,3447,4253,4505,4925,4444,4520,4910,4386,6205,6598,6938,4251,5558,6309,6595,7044,6538,6697,8219,6556,7916,9482,10855,8855,6132,8234,7569,8679,7061,5394,8488,5221,7932,7172,8419,4614,5379,5799,5871,8152,5710,4852,6502,8479,7442,8568,9910,6415,7899,6805,7223,10919,6853,11177,11718,10696,11267,10209,10877,9192,8963,11807,13224,11608,7559,14181,15786,13834,13535,11781,14203,10849,12602,14055,11435,9584,7547,13642,13468,12553,11613,10661,10813,8055,9604,10550,9922,6664,6583,10480,12013,10609,9535,9218,9795,8386,7101,3159,0,0,7,0,0,0,0,0,0,0,0,0,0,0,0,0,0,0,0,0,0,0,0,0,35,260,369,809,640,974,1933,1947,5169,3878,4839,5007,5592,8160,11188,12444,12974,11855,8536,9675,11338,6879,9813,6258,8790,11323,8134,11120,10136,9621,7828,6728,7167,6717,6087,3185,7135,9699,10424,11322,12554,10960,8712,8005,8017
Bandara Int. Lombok,0,0,0,0,0,0,0,0,0,0,0,0,0,0,0,0,0,0,0,0,0,0,0,0,727,974,1293,1319,1170,1585,2134,2171,1340,1459,1253,1863,1164,835,1315,1639,1698,1683,2182,1506,1216,1629,1368,1703,1230,871,1348,1482,942,1384,1219,996,1037,2251,1745,2527,1077,1734,2258,2284,2434,2711,2444,3246,3829,5294,5386,7683,5105,4862,5987,5413,6499,6071,6582,7259,6532,5438,3748,6385,2793,4348,6004,5725,5713,4410,5316,8089,7440,7419,4477,8483,5162,6184,7356,5407,7634,4452,9653,9127,8756,9500,7813,9694,9394,8775,11305,13204,11792,9201,12468,12207,10032,10070,7704,7236,5986,5800,9880,10644,7512,8859,13980,4308,3866,3515,2306,3151,2126,3590,3568,5143,2884,6127,5306,6622,6552,5711,4635,5499,6331,4224,1954,10,0,19,7,2,0,0,1,2,1,0,2,0,0,0,0,26,0,0,0,0,0,488,12,0,487,1011,1658,2054,2251,2226,1921,2914,2202,2355,2099,2903,4848,5721,6433,6245,6294,5904,5278,7304,4958,7748,5208,6536,7742,6893,8652,8122,7461,7169,4947,6108,6295,4926,5441,7812,8641,7784,10512,10207,9333,9321,6689,7714
Sam Ratulangi,9043,10403,11485,10597,12646,12416,14006,18171,17363,11011,13858,15727,10665,9916,13061,11582,13448,14879,14810,15661,10381,12630,16413,14630,1841,2308,1602,1445,1602,1590,1776,1689,1561,1847,1477,1482,1050,1264,1778,1764,1436,1513,2011,2199,1927,2100,1425,1607,1827,1171,1579,1669,1442,1636,1763,1503,1679,1867,1364,1611,1108,1552,1695,1763,1693,1740,1803,1622,1891,1923,1627,1500,1694,1079,1340,1079,1365,1487,1652,1854,1652,1642,943,1492,2248,3374,1171,1044,1011,1007,2089,2247,1410,1297,1428,1139,625,1535,1297,1427,1018,1295,7677,7904,5965,3791,4270,3820,7697,5149,5168,5927,5632,4708,7330,8906,6335,7714,6493,8616,8507,10794,10114,10201,9405,10107,11875,15448,12730,8343,5735,8845,10905,11305,10761,11574,9755,8339,11203,14171,11874,10394,9261,10743,12517,928,566,0,0,267,693,912,2174,2178,1577,1469,433,1027,2513,2685,1015,2435,695,5,593,1952,851,1035,466,647,1045,851,843,1472,1684,1758,2178,1581,1721,1142,803,1848,4793,4156,3798,3691,3782,5397,5922,4645,4611,3917,3384,2615,4045,3451,3427,3424,4743,4436,4791,4674,4532,4097,3788,3497,4403,4070,3902,3742,5903,5656,5600,6513,7401,7020
Minangkabau,1880,2208,3313,2016,3583,3586,3408,3435,3460,2936,3320,7766,3757,4611,4597,4450,5776,6224,6872,1932,1965,4140,3037,3641,1714,2005,2350,1906,2092,2972,2434,1180,2279,1864,3342,3344,2183,2646,3215,2107,2669,2707,2734,1628,1903,1799,3740,3254,2502,2561,3147,2665,2615,2760,2346,1979,2169,2224,3637,4163,2307,4295,4005,2912,4142,3771,1985,3152,3096,3520,5404,5546,5497,2889,4327,3916,4573,3779,3926,3364,3857,3515,3990,6563,2744,2876,3690,3106,3975,3008,2962,3685,3767,3349,4353,4815,3378,3892,4428,4063,4854,2104,4094,4224,3329,4980,5115,5225,4042,4066,4992,4621,4167,3022,4157,5215,4397,4885,4682,8630,3253,4459,5057,4293,3002,4549,5100,5602,5094,4055,5118,4801,4528,5144,6196,5434,3576,5212,5183,5967,4427,5271,5013,5180,4616,4111,2530,0,0,0,0,0,1,0,0,0,0,0,0,0,0,0,0,0,0,0,0,0,0,0,0,0,0,0,0,0,0,371,709,3062,2878,3590,2765,4100,4624,5226,4946,5577,5453,4925,5898,6710,4689,8229,2976,7166,7107,4561,5936,6685,8232,7511,6041,7550,8490,7810,3649,6270,8312,8621,7674,8216,9699,7588,6611,7081
Sultan Syarif Kasim II,0,0,0,0,0,0,0,0,0,0,0,0,0,0,0,0,0,0,0,0,0,0,0,0,1056,1268,1319,1234,1131,1642,1223,905,1508,1089,2070,833,1412,1468,1852,1982,2131,1982,2079,1731,1482,1485,2214,2164,1408,1720,2099,1701,1289,1680,1629,1510,1999,1846,2421,2085,1550,1962,2039,1683,2124,1952,1147,2489,1924,2113,3559,3404,2399,2117,2130,1907,2502,2247,1713,1823,1912,2334,2776,3522,2606,2043,2300,2112,2503,1954,2660,2488,1752,462,2211,2286,1523,1912,2090,1786,2494,1751,2654,2362,2822,3279,3280,3973,3274,2909,3612,3554,3578,3504,3543,3590,3066,3026,3225,3224,2129,1942,2510,2044,1666,2838,2417,2977,2321,2654,3265,3013,2450,2989,3071,2745,2364,2971,2555,3229,2409,2677,2917,4042,3212,2378,1241,0,0,1,0,2,3,0,3,0,1,3,8,1,0,88,0,0,0,0,0,0,0,0,0,0,0,0,32,117,272,632,955,1977,1624,1914,1697,2453,2293,2447,2111,2770,2166,2377,2921,2964,2126,3709,2081,3996,2849,4637,2516,3940,3320,2637,2485,2800,2684,2446,2612,2793,3277,3443,2688,3201,3938,3091,3210,3775
Sultan Iskandar Muda,0,0,0,0,0,0,0,0,0,0,0,0,0,0,0,0,0,0,0,0,0,0,0,0,0,0,0,0,0,0,0,0,0,0,0,0,0,0,0,0,0,0,0,0,0,0,0,0,0,0,0,0,0,0,0,0,0,0,0,0,0,0,0,0,0,0,0,0,0,0,0,0,0,0,0,0,0,0,0,0,0,0,0,0,0,0,0,0,0,0,0,0,0,0,0,0,0,0,0,0,0,0,0,0,0,0,0,0,2852,3254,3375,2947,2430,1528,2297,2627,2559,2763,2905,3698,2802,2915,3402,2941,1717,1468,3297,3087,3074,2058,1137,1315,1676,1739,2134,2225,1360,2051,2823,2935,2371,2560,2417,4012,3976,3978,2390,1,0,0,0,1,5,0,0,0,0,0,0,1,4,3,1,0,0,0,0,2,0,0,0,0,0,0,0,0,0,257,452,1177,1440,2024,1901,1349,2350,2157,2582,3108,2481,1875,2577,3461,2379,4421,1582,2533,2050,2080,2489,3042,3909,3237,2534,3598,3811,3825,1512,2184,4003,3607,4088,4305,5390,4257,3627,4217
Ahmad Yani,0,0,0,0,0,0,0,0,0,0,0,0,0,0,0,0,0,0,0,0,0,0,0,0,0,0,0,0,0,0,0,0,0,0,0,0,0,0,0,0,0,0,0,0,0,0,0,0,0,0,0,0,0,0,0,0,0,0,0,0,0,0,0,0,0,0,0,0,0,0,0,0,0,0,0,0,0,0,0,0,0,0,0,0,0,0,0,0,0,0,0,0,0,0,0,0,0,0,0,0,0,0,0,0,0,0,0,0,1548,1354,1815,1647,1891,1541,2294,2625,2088,2079,2361,2354,1680,1724,2020,2232,1612,1647,2114,2650,2117,2022,1844,1930,2165,2033,2296,1635,996,1872,1851,2035,1946,2225,2296,2627,2239,1769,932,3,0,0,0,0,10,0,0,0,0,0,2,2,1,3,0,0,0,0,0,0,0,0,0,0,0,0,0,0,0,0,0,0,1,1,1,0,0,0,0,0,8,0,0,0,0,2,0,0,0,0,0,0,0,0,0,0,0,0,0,0,0,4,11,0,1381,1618,1365,1627
Supadio,0,0,0,0,0,0,0,0,0,0,0,0,0,0,0,0,0,0,0,0,0,0,0,0,0,0,0,0,0,0,0,0,0,0,0,0,0,0,0,0,0,0,0,0,0,0,0,0,0,0,0,0,0,0,0,0,0,0,0,0,0,0,0,0,0,0,0,0,0,0,0,0,0,0,0,0,0,0,0,0,0,0,0,0,0,0,0,0,0,0,0,0,0,0,0,0,0,0,0,0,0,0,0,0,0,0,0,0,858,626,899,655,812,1642,1731,2307,2104,1979,2263,2652,1284,2356,2416,1902,1473,1652,1639,1992,2254,1697,2352,2033,1598,2639,2316,1886,1527,1567,1826,2127,2077,1599,1811,1527,1879,1780,818,0,0,0,0,0,0,1,0,0,0,0,0,0,0,0,0,0,0,0,0,0,0,0,0,0,0,0,0,0,0,0,0,0,0,1,0,0,0,0,0,0,0,0,0,2,0,0,0,0,0,0,0,0,5,3,0,0,1,0,0,0,0,0,29,0,1838,1674,1693,2371
Hasanuddin,0,0,0,0,0,0,0,0,0,0,0,0,0,0,0,0,0,0,0,0,0,0,0,0,1913,2045,1080,925,913,1093,935,1026,946,950,3059,1326,906,1083,939,1146,1090,1289,1277,1295,964,1178,1615,1513,1064,1048,1277,1192,1039,1041,1073,1168,1004,1130,1440,1405,808,972,1455,1311,1655,2009,1582,1579,1864,1422,1554,1519,1707,1213,1159,1241,1124,1134,1106,1625,1389,1279,1337,1399,906,931,1178,929,900,906,1194,1115,1343,961,1465,1263,755,876,1180,1056,1196,869,1370,1287,1511,2593,2263,1941,1812,1263,1530,1179,1131,1240,2132,1743,1604,1448,1538,1715,832,1004,1099,1077,661,1216,1566,1626,1281,1187,1171,1406,951,1379,1825,1312,1105,1385,1473,1983,1503,1439,1595,1821,1338,1227,1032,0,0,0,0,0,0,0,1,0,0,0,0,0,0,0,0,0,0,0,0,0,0,0,0,164,364,523,706,503,701,897,526,1530,1066,1469,921,1564,1432,1888,1755,1609,1787,1175,1194,1500,742,1408,579,1402,1066,1092,1532,1427,1326,1091,947,1085,1203,979,1300,827,1468,1959,1781,1814,1594,1565,1306,2321
Sultan Badaruddin II,0,0,0,0,0,0,0,0,0,0,0,0,0,0,0,0,0,0,0,0,0,0,0,0,0,0,0,0,0,0,0,0,0,0,0,0,0,0,0,0,0,0,0,0,0,0,0,0,0,0,0,0,0,0,0,0,0,0,0,0,0,0,0,0,0,0,0,0,0,0,0,0,0,0,0,0,0,0,0,0,0,0,0,0,0,0,0,0,0,0,0,0,0,0,0,0,0,0,0,0,0,0,0,0,0,0,0,0,1060,1156,1468,1154,1010,1136,1220,1418,1256,977,1266,1580,727,788,1015,861,716,1311,1185,2263,1160,1167,1238,1431,1038,1573,1419,1409,1396,1725,1231,1605,1287,1183,1218,762,1263,851,449,0,2,17,0,15,0,2,2,0,0,0,0,0,0,0,804,477,0,0,0,0,0,0,0,0,0,8,1024,4,4,90,0,0,0,1,1,0,0,0,11,4,0,0,1,6,0,2,2,0,5,0,15,11,0,0,0,2,0,0,4,1,11,2,204,1138,933,834,1110,837
Pintu Udara Lainnya,1508,1469,2130,1536,2107,1776,1892,1601,947,1404,1194,1458,1088,909,1313,1192,1444,1611,1713,1391,1211,1777,1239,1601,1648,1648,1648,1648,1648,1648,1648,1648,1648,1648,1648,1648,2729,2729,2729,2729,2729,2729,2729,2729,2729,2729,2729,2729,2639,2639,2639,2639,2639,2639,2639,2639,2639,2639,2639,2639,2581,2581,2581,2581,2581,2581,2581,2581,2581,2581,2581,2581,1737,1737,1737,1737,1737,1737,1737,1737,1737,1737,1737,1737,1256,1256,1256,1256,1256,1256,1256,1256,1256,1256,1256,1256,1121,1121,1121,1121,1121,1121,1121,1121,1121,1121,1121,1121,1686,1888,2681,2033,1640,1448,2004,1904,1901,2107,2760,2347,792,697,1013,976,695,979,1028,939,916,1441,2162,2381,1972,2742,849,890,889,1649,2063,2506,1351,2172,4006,3593,6489,3875,1605,41,61,41,90,263,243,181,76,50,25,24,39,29,26,37,129,16,69,31,75,53,16,0,0,13,20,31,2024,682,623,539,735,658,672,645,953,889,1543,1341,2376,1796,1840,1518,1585,1831,1941,2432,1376,1711,2396,2092,3170,2842,3882,4224,3901,4347,3231,3571,3758,5317,6381,6311,7243,5969,5195,5074,5353,6069
B. Pintu Laut,89296,102762,108215,93401,105042,115706,101001,113357,90081,97278,105472,131170,97421,80681,101978,91428,94537,100206,82814,91030,79471,84539,89639,119339,119784,127592,131280,120526,132703,147125,136132,122624,117983,123252,134152,170959,119878,135620,139213,141849,144348,169653,164244,136033,136953,143100,151406,192385,157604,125930,157808,142636,141789,176875,142341,148134,142041,151940,149830,196679,131189,158618,174784,135951,154845,183730,134321,166472,152985,148108,171430,211860,169926,141922,175797,157164,159893,195824,151048,163879,156103,172218,167909,226683,155981,172490,168997,169374,195528,180225,155923,189359,159912,161844,166239,226412,148144,172209,172770,169731,177581,170910,142820,146917,160347,155045,147629,216451,230174,186669,220326,233538,209193,233765,226979,235311,229735,222271,230070,324624,220044,261044,304859,236833,230118,289312,252458,280868,264522,243901,259832,370629,304479,340751,378698,328884,335111,386152,311429,368408,327642,332319,358264,388495,313541,192604,111323,45058,46615,47060,46942,49542,45109,41370,40970,44467,37667,29300,35317,30918,39720,29929,35511,33497,33397,38245,32741,39230,58442,51539,60357,69085,105719,134664,184193,164918,196668,207390,193894,299967,224851,191063,236181,235660,214326,276039,225106,220199,212770,186161,190258,291763,198072,239718,252013,211716,212718,261165,212433,248758,231748,218620,223293,264692,232267,203450,206397,200550,244169,307815,242599,263040,264693,260124,250166,353577
Batam,77656,87206,92174,78838,87079,98404,85560,94257,74690,82630,90102,112794,81601,68964,87154,77788,79969,84521,70864,78422,66105,72195,78764,105037,79560,80966,81732,77178,84617,92719,86716,76809,74511,77183,85307,110148,77925,86318,87776,92055,96206,111619,108383,84918,90569,95250,100404,130158,102630,83089,103626,93813,94117,117049,92636,95725,95423,102251,101881,137368,89250,105380,120271,93163,109335,126277,91056,112340,108215,103511,123835,153797,119054,97445,122019,111929,115323,140218,101996,111455,113090,126169,123505,171907,114478,119642,124019,125816,148920,132569,109931,134540,117089,123750,124983,170081,108888,120351,125324,125573,132410,121253,103647,99724,115052,114020,106953,159277,135046,100329,132551,139361,117372,130541,122869,124044,122835,117589,124833,197347,115590,155671,175194,144104,142157,167398,144235,159218,153944,141337,155283,233153,134415,159248,172461,154810,145447,175001,147690,183401,159331,158619,167288,190232,154464,94684,43853,230,214,94,54,50,341,427,454,471,260,157,343,191,245,250,153,149,129,158,234,313,240,329,995,8136,16741,39649,56610,59750,77981,77752,80216,144521,93781,73090,97040,88776,76577,133616,94373,94601,101470,79646,103497,149218,77836,111758,104191,78674,99404,130714,100295,119550,114682,109864,111306,157945,123223,103491,99412,99257,139491,166223,121487,144698,140073,137435,125503,193464
Tanjung Uban,0,0,0,0,0,0,0,0,0,0,0,0,0,0,0,0,0,0,0,0,0,0,0,0,21604,23718,27100,22281,26349,29928,27000,26653,23187,25435,26029,34661,22663,25662,28523,26206,25487,32372,31694,32806,25208,27097,25425,34210,30546,23440,28471,25784,24498,32780,28693,32547,25406,28355,25003,31024,22921,27756,29844,22087,23729,30164,25067,32368,23866,23846,24577,31929,28811,25090,27009,24205,22204,30867,31102,31388,23661,25882,22733,27909,20753,28977,23722,22211,24026,27247,28181,34193,24337,19333,20389,30641,21484,27642,25577,23018,23338,31465,20389,29491,25051,23145,21984,32820,26778,21888,25445,28410,25496,34726,32234,37199,31422,32389,30822,44783,26993,31758,37364,32237,33833,40296,52228,57643,53214,47742,47833,61258,40601,49394,61156,48560,58673,61850,49247,55638,50232,47670,52374,59340,41252,18230,5047,63,61,0,0,71,0,0,101,71,0,0,81,10,20,20,0,0,0,0,51,77,88,31,367,2998,5281,12509,16988,13277,18218,19932,16473,31367,14957,11265,19018,18547,15001,26345,17619,19237,20542,16838,16544,26205,11442,18432,20741,14202,14974,22829,16210,20655,16058,15916,14933,22213,15791,9815,17619,15254,20284,32073,21939,24930,20974,22633,16867,35187
Tanjung Pinang,6538,9736,10415,8915,12001,11692,9871,13319,9735,8966,9272,13045,9909,6606,9867,8428,9001,10241,7159,8025,8407,7598,7864,9382,6173,8548,7731,7942,8474,10030,8091,7093,8390,7237,8167,10078,6194,8648,8388,9026,8523,11067,8987,7858,7849,7483,9969,12188,9524,6869,9841,8734,8780,11174,7199,7805,6934,8168,7985,10772,5539,8533,9823,7352,7921,10884,6799,8341,7544,7549,8980,10328,8236,6132,9057,8227,8041,9773,7149,8589,7327,6716,7818,10607,5774,8023,8053,7477,7772,7735,6521,7941,7095,6233,7589,10966,5971,8407,8656,8042,8162,7930,6932,6166,8474,6800,6854,10855,10814,6249,7849,9193,7277,8702,9793,11616,10811,10619,10538,14421,8753,10704,13261,10449,11268,12815,10661,12310,12530,10759,11073,16020,9268,13141,15813,15841,14816,18935,11951,15621,12768,12406,12378,16426,14021,4849,2623,106,58,0,0,0,0,0,0,0,0,0,0,0,0,0,0,0,0,0,0,154,0,4,1,660,1141,2758,1965,2801,3716,3912,3117,5475,4973,2663,4043,5324,3391,6086,4010,4222,4827,5065,5912,7022,2803,5921,4868,2614,3904,6135,3573,5948,4898,4632,4388,5788,5583,4095,5218,4995,6071,6603,4620,4909,4971,5285,4880,6076
Tanjung Balai Karimun,0,0,0,0,0,0,0,0,0,0,0,0,0,0,0,0,0,0,0,0,0,0,0,0,6912,9100,9446,8180,8543,9413,9237,6126,7119,7707,8605,10520,7193,9903,8933,9284,8680,9325,9907,5587,8355,8090,8628,10512,9455,8123,10107,8545,9399,10521,7994,7200,8402,7659,8989,11105,7599,10330,9854,7591,8604,11074,5694,8690,7996,7795,8969,10693,8329,8388,8945,7621,8731,10074,6343,7545,7777,8164,7938,10927,6636,8866,8747,8343,9468,7797,7339,7511,6876,7674,7515,9894,6735,8985,7820,8201,8466,5201,7599,6674,7668,6724,6254,8780,8175,6022,7526,7902,6627,6433,6136,6620,7093,6368,6969,9900,5689,7832,8337,7328,5295,7885,6397,6913,7292,5981,6749,9020,8572,11411,10859,10039,6235,10118,8425,10273,8245,8451,9209,10916,10828,7444,3552,6,0,0,0,0,5,0,1,0,0,15,0,0,0,0,0,0,0,0,0,0,0,0,0,0,659,2519,4122,3139,4188,4085,3588,6684,5814,4795,4835,5801,3590,4734,4391,4173,4345,4298,4683,6634,4050,7747,5039,6899,5292,6436,5476,6555,6814,6770,6911,7649,8038,7099,5773,6137,9131,9531,7927,8272,8364,8541,7938,10212
Tanjung Benoa,0,0,0,0,0,0,0,0,0,0,0,0,0,0,0,0,0,0,0,0,0,0,0,0,0,0,0,0,0,0,0,0,0,0,0,0,0,0,0,0,0,0,0,0,0,0,0,0,0,0,0,0,0,0,0,0,0,0,0,0,0,0,0,0,0,0,0,0,0,0,0,0,0,0,0,0,0,0,0,0,0,0,0,0,0,0,0,0,0,0,0,0,0,0,0,0,0,0,0,0,0,0,0,0,0,0,0,0,8143,5799,2489,3126,3153,497,164,1988,187,2815,2847,790,4626,8616,4254,634,2231,4088,29,1315,15,2030,46,3178,3862,1190,7862,53,37,33,13,1679,28,2001,5021,7677,3214,5710,1071,106,2,35,0,0,0,56,51,23,8,0,0,0,0,0,0,0,0,0,0,0,3,17,3,20,58,80,62,32,46,92,373,914,1876,6505,3738,1229,21,71,81,78,53,2596,5632,801,853,879,5423,324,109,106,95,3100,2061,5019,186,53,976,2219,6154,3906,158,124,39,27,667,7,6857,6844
Tanjung Mas,0,0,0,0,0,0,0,0,0,0,0,0,0,0,0,0,0,0,0,0,0,0,0,0,0,0,0,0,0,0,0,0,0,0,0,0,0,0,0,0,0,0,0,0,0,0,0,0,0,0,0,0,0,0,0,0,0,0,0,0,0,0,0,0,0,0,0,0,0,0,0,0,0,0,0,0,0,0,0,0,0,0,0,0,0,0,0,0,0,0,0,0,0,0,0,0,0,0,0,0,0,0,0,0,0,0,0,0,1790,5166,1397,2587,1378,964,1059,1163,3941,1791,4376,1461,2020,3191,6988,437,137,0,0,0,0,133,4686,2315,1646,2328,4999,1015,0,73,97,0,266,0,2202,5135,0,0,0,0,0,0,0,0,0,0,0,0,0,0,0,0,0,0,0,0,0,0,0,0,0,0,0,0,0,0,0,0,0,0,0,0,0,0,0,0,0,0,0,0,0,0,0,0,0,0,0,0,0,0,0,0,0,0,565,1302,640,0,1129,535,0,619,0,0,0,0,1722,0
Pintu Laut Lainnya,5102,5820,5626,5648,5962,5610,5570,5781,5656,5682,6098,5331,5911,5111,4957,5212,5567,5444,4791,4583,4959,4746,3011,4920,5535,5260,5271,4945,4720,5035,5088,5943,4776,5690,6044,5552,5903,5089,5593,5278,5452,5270,5273,4864,4972,5180,6980,5317,5449,4409,5763,5760,4995,5351,5819,4857,5876,5507,5972,6410,5880,6619,4992,5758,5256,5331,5705,4733,5364,5407,5069,5113,5496,4867,8767,5182,5594,4892,4458,4902,4248,5287,5915,5333,8340,6982,4456,5527,5342,4877,3951,5174,4515,4854,5763,4830,5066,6824,5393,4897,5205,5061,4253,4862,4102,4356,5584,4719,39428,41216,43069,42959,47890,51902,54724,52681,53446,50700,49685,55922,56373,43272,59461,41644,35197,56830,38908,43469,37527,35919,34162,45685,106115,104039,105548,98566,109903,120142,94006,101796,96772,103172,109792,98769,89762,61687,55177,44547,46280,46931,46888,49421,44763,40887,40363,43902,37399,29128,34893,30717,39455,29659,35358,33348,33268,38087,32456,38686,58111,51158,58991,57271,81839,77149,104446,85919,92519,101617,90127,111006,103450,92745,107507,115983,115746,105187,104632,97888,81533,77718,53990,101883,101088,94981,111751,109003,89035,94945,86784,92950,87235,76419,85004,69742,78016,76731,71092,70466,69034,92642,86587,80204,89644,86223,86399,101794
C. Pintu Darat,1043,1613,1610,1234,1606,1553,1363,2331,1790,1430,1672,2744,1581,1175,1859,1497,1814,1820,1451,1578,2192,1314,1855,3054,1262,2432,1873,1538,2073,2099,2134,1874,1816,1139,1915,3281,1647,2297,2044,1831,2201,2118,1559,2643,1759,1506,2269,3380,2324,1787,2121,1503,1973,2514,1741,3036,1371,1665,2761,3101,1368,2291,2291,1408,2009,2581,1559,3038,1474,1559,2330,2948,1535,1609,1699,1430,1785,1703,2488,1568,1445,1731,1936,3535,1265,1873,2440,1491,2424,1662,2573,1710,1693,1455,2513,3753,36791,38740,30704,23577,21022,22609,28095,26406,23900,35085,49268,60278,131128,116291,90301,124921,129454,146766,141001,143457,136654,136815,130653,159048,234618,196019,212932,216754,207135,215957,221388,224099,195095,192464,181353,209290,190552,171728,174392,173309,203196,218884,180874,184827,160668,158319,145273,149594,155019,118011,119765,112225,114721,108038,104731,106279,93884,98643,87421,96013,87117,69378,71810,63512,85673,80681,84563,83427,81955,92170,97927,106603,63301,48136,59210,63590,65371,68737,73744,83091,79740,79764,80910,100575,89121,70924,78398,69717,80323,79276,76587,85993,79938,84774,84260,121486,97713,87359,107409,105157,97059,115122,103740,103641,105607,115500,111802,131073,122131,100835,108893,109233,120739,130352,137128,134047,133699,134653,143179,163619
Jayapura,0,0,0,0,0,0,0,0,0,0,0,0,0,0,0,0,0,0,0,0,0,0,0,0,0,0,0,0,0,0,0,0,0,0,0,0,0,0,0,0,0,0,0,0,0,0,0,0,0,0,0,0,0,0,0,0,0,0,0,0,0,0,0,0,0,0,0,0,0,0,0,0,0,0,0,0,0,0,0,0,0,0,0,0,0,0,0,0,0,0,0,0,0,0,0,0,0,0,0,0,0,0,0,0,0,0,0,0,12417,7176,6523,10078,10042,10488,9053,9043,9981,10359,13651,16246,12616,11696,10331,10641,7542,5864,6643,7706,11220,14147,2467,3202,4418,3889,3871,4702,4743,4326,5557,5694,4052,3874,5006,6155,5671,0,0,0,0,0,0,2,0,0,2,1,2,2,0,3,0,0,0,0,3,0,0,3,0,0,0,20,0,0,0,0,0,78,166,184,132,86,106,91,8251,9933,7723,8335,8408,9174,3729,11445,8254,6903,6515,7129,7305,8577,8544,9481,11649,10715,11188,14613,12617,11015,5943,9296,9107,10569,11553,10344,12494,11274,11230,17405
Atambua,0,0,0,0,0,0,0,0,0,0,0,0,0,0,0,0,0,0,0,0,0,0,0,0,0,0,0,0,0,0,0,0,0,0,0,0,0,0,0,0,0,0,0,0,0,0,0,0,0,0,0,0,0,0,0,0,0,0,0,0,0,0,0,0,0,0,0,0,0,0,0,0,0,0,0,0,0,0,0,0,0,0,0,0,0,0,0,0,0,0,0,0,0,0,0,0,0,0,0,0,0,0,0,0,0,0,0,0,4740,4017,3768,5843,2096,6238,5476,6120,6455,6167,5976,7081,4601,3799,5250,5571,6283,7047,6508,7912,8575,8246,8207,13915,7835,5973,6741,9618,7457,8718,8961,9492,7731,8994,9824,12561,12640,7124,3955,2,2,0,36,33,0,28,26,13,4,26,0,3,13,152,12,12,73,64,142,184,234,226,317,737,1203,1792,1149,3120,2672,2646,2511,4300,2514,4212,7016,7322,6651,8267,8198,11895,8942,9700,8838,12678,8426,7423,8958,9209,9670,11141,11847,10029,8384,13025,16360,18751,11445,10244,13058,14292,15441,17380,21031,20318,18282,21420,20476,29738
Entikong,1043,1613,1610,1234,1606,1553,1363,2331,1790,1430,1672,2744,1581,1175,1859,1497,1814,1820,1451,1578,2192,1314,1855,3054,1262,2432,1873,1538,2073,2099,2134,1874,1816,1139,1915,3281,1647,2297,2044,1831,2201,2118,1559,2643,1759,1506,2269,3380,2324,1787,2121,1503,1973,2514,1741,3036,1371,1665,2761,3101,1368,2291,2291,1408,2009,2581,1559,3038,1474,1559,2330,2948,1535,1609,1699,1430,1785,1703,2488,1568,1445,1731,1936,3535,1265,1873,2440,1491,2424,1662,2573,1710,1693,1455,2513,3753,1050,2307,1937,1426,2046,1515,2360,2319,2148,1494,1610,3433,2091,1354,2209,1720,1935,2157,1117,1255,2042,1095,1092,2818,1534,2100,2376,1277,1827,2756,1453,1821,1608,1235,1585,3641,1563,2158,2366,1333,1290,2312,1720,2265,1704,1705,1691,3177,2177,1746,833,5,2,4,26,42,63,23,10,5,6,11,14,2,0,0,1,0,0,0,2,10,0,0,2,254,556,789,646,745,1360,1804,1771,3877,2508,2725,2905,2929,2856,2819,2639,3488,2418,2274,2364,4522,2366,4380,2540,4042,3737,2819,3204,3191,4256,3331,2797,5017,4130,3482,2923,2719,5321,4734,3534,3803,4446,3135,2880,5269
Aruk,0,0,0,0,0,0,0,0,0,0,0,0,0,0,0,0,0,0,0,0,0,0,0,0,0,0,0,0,0,0,0,0,0,0,0,0,0,0,0,0,0,0,0,0,0,0,0,0,0,0,0,0,0,0,0,0,0,0,0,0,0,0,0,0,0,0,0,0,0,0,0,0,0,0,0,0,0,0,0,0,0,0,0,0,0,0,0,0,0,0,0,0,0,0,0,0,0,0,0,0,0,0,0,0,0,0,0,0,414,511,433,539,438,1460,1087,814,802,870,809,1919,377,928,766,587,1051,2200,825,1516,1143,745,1066,1125,804,1989,2171,836,939,2081,1061,2081,1066,763,1009,1708,2834,2330,937,19,23,64,4,4,2,3,10,4,3,2,13,1,1,0,1,0,0,1,3,2,0,0,0,218,622,969,1792,1149,1692,2116,1197,3020,2542,2503,2169,3592,2057,2755,1832,2653,1878,1721,1790,3605,1733,4433,2400,3521,2225,2878,2926,2819,3680,2376,2208,3787,3870,3482,3338,2583,3746,4858,2692,2973,3921,3097,2391,4038
Nanga Badau,0,0,0,0,0,0,0,0,0,0,0,0,0,0,0,0,0,0,0,0,0,0,0,0,0,0,0,0,0,0,0,0,0,0,0,0,0,0,0,0,0,0,0,0,0,0,0,0,0,0,0,0,0,0,0,0,0,0,0,0,0,0,0,0,0,0,0,0,0,0,0,0,0,0,0,0,0,0,0,0,0,0,0,0,0,0,0,0,0,0,0,0,0,0,0,0,0,0,0,0,0,0,0,0,0,0,0,0,810,551,549,528,808,858,610,933,673,760,704,1199,662,694,661,661,1114,1331,849,1121,1097,1098,1034,1826,1187,1128,1185,937,1705,1495,1178,1226,981,911,954,1585,1213,989,610,0,0,0,0,0,0,0,2,0,0,0,0,0,0,0,0,0,0,0,0,0,0,0,0,0,0,0,15,318,425,347,291,1153,718,615,669,735,1324,1045,727,628,680,674,724,1363,687,950,965,486,833,1028,940,892,1116,742,732,1493,1143,935,974,798,1716,1259,1047,1116,991,918,816,1782
Pintu Darat Lainnya,0,0,0,0,0,0,0,0,0,0,0,0,0,0,0,0,0,0,0,0,0,0,0,0,0,0,0,0,0,0,0,0,0,0,0,0,0,0,0,0,0,0,0,0,0,0,0,0,0,0,0,0,0,0,0,0,0,0,0,0,0,0,0,0,0,0,0,0,0,0,0,0,0,0,0,0,0,0,0,0,0,0,0,0,0,0,0,0,0,0,0,0,0,0,0,0,35741,36433,28767,22151,18976,21094,25735,24087,21752,33591,47658,56845,110656,102682,76819,106213,114135,125565,123658,125292,116701,117564,108421,129785,214828,176802,193548,198017,189318,196759,205110,204023,171452,166993,166994,185581,174745,156591,158058,155883,187062,199952,162397,164069,145134,142072,126789,124408,130484,105822,113430,112199,114694,107970,104665,106198,93819,98589,87371,95990,87102,69337,71783,63503,85659,80529,84549,83415,81879,92105,97780,106404,63067,47910,58891,62361,62990,65187,70142,77759,73591,72773,74974,88041,80707,60783,65533,55048,59184,54457,55468,58994,57612,61231,66815,87873,76247,63270,86031,80770,73289,88679,76279,77229,76522,85311,78517,87412,88926,71677,82657,79545,85408,91552,97271,95493,93565,94809,105386,105387
Jumlah (A+B+C),360528,398522,422149,379748,428305,444870,471717,501226,410782,436793,428503,504795,393796,352558,428434,409066,442521,466913,510482,482763,412847,462453,438069,513105,461095,489042,557096,524182,566034,583334,625049,555662,521049,556005,532283,591194,516418,533145,561435,575019,563586,640584,708973,585547,609934,618356,612885,675314,619959,544832,613734,588737,612781,655317,664491,597776,642483,649422,651429,719648,581854,642090,684779,605176,659893,751308,680883,734272,733180,681312,765740,803062,716419,662105,724280,688759,713324,814281,742607,792813,755018,768261,723325,860570,671939,743476,739571,708783,751725,777966,775694,813127,822710,790411,722717,862408,733798,803917,834650,833402,860427,804988,956190,966910,944838,947174,903328,1015032,1107968,1023388,1059777,1171386,1148588,1144001,1370591,1393243,1250231,1161565,1062030,1147031,1097839,1197503,1363426,1302321,1242705,1322674,1547231,1511021,1370943,1291605,1157483,1405554,1201735,1243996,1311911,1274231,1249536,1434103,1468173,1530268,1388719,1346434,1280781,1377067,1290411,872765,486155,158066,161842,156561,155742,161549,148984,152293,144476,164079,126515,105788,119979,112756,139433,126844,127249,118533,120100,146137,150577,163619,136298,117509,158629,230076,354920,483883,645121,670509,700606,734228,704783,952469,798469,749436,869244,865811,953714,1062791,1121189,1132638,1070245,978519,931227,1144542,927746,1062149,1041861,1066958,1145499,1197941,1310756,1339946,1279258,1193867,1092067,1228630,1156012,1022894,984769,1164539,1306000,1417096,1481346,1505220,1394910,1348993,1199007,1405860
Lainnya,77438,66927,79892,79381,80650,84194,95647,98280,90236,92598,95659,105657,79369,68997,82880,78055,79214,83669,82933,84034,80952,84706,93600,112314,32704,33884,35423,30692,32497,28662,31895,29608,37716,36809,45532,52099,32403,34663,35117,32527,35634,33457,36081,35205,39526,37300,41391,48542,32733,46851,43544,36480,36144,39149,35871,35229,41204,39014,42896,47966,32474,36320,40433,40732,39971,37968,36692,35966,36823,37897,41565,58069,36660,40406,40706,37175,38010,36464,34367,33081,35632,39980,41005,54940,52759,50804,52983,42181,42667,37251,39799,40059,47429,36034,54907,51272,80505,83758,80134,67711,54507,52402,75312,63444,62293,93471,99130,98655,0,0,0,0,0,0,0,0,0,0,0,0,0,0,0,0,0,0,0,0,0,0,0,0,0,0,0,0,0,0,0,0,0,0,0,0,0,0,0,0,0,0,0,0,0,0,0,0,0,0,0,0,0,0,0,0,0,0,0,0,0,0,0,0,0,0,0,0,0,0,0,0,0,0,0,0,0,0,0,0,0,0,0,0,0,0,0,0,0,0,0,0,0,0,0,0,0,0,0,0,0,0,0,0,0,0,0,0
Total,437966,465449,502041,459129,508955,529064,567364,599506,501018,529391,524162,610452,473165,421555,511314,487121,521735,550582,593415,566797,493799,547159,531669,625419,493799,522926,592519,554874,598531,611996,656944,585270,558765,592814,577815,643293,548821,567808,596552,607546,599220,674041,745054,620752,649460,655656,654276,723856,652692,591683,657278,625217,648925,694466,700362,633005,683687,688436,694325,767614,614328,678410,725212,645908,699864,789276,717575,770238,770003,719209,807305,861131,753079,702511,764986,725934,751334,850745,776974,825894,790650,808241,764330,915510,724698,794280,792554,750964,794392,815217,815493,853186,870139,826445,777624,913680,814303,887675,914784,901113,914934,857390,1031502,1030354,1007131,1040645,1002458,1113687,1107968,1023388,1059777,1171386,1148588,1144001,1370591,1393243,1250231,1161565,1062030,1147031,1097839,1197503,1363426,1302321,1242705,1322674,1547231,1511021,1370943,1291605,1157483,1405554,1201735,1243996,1311911,1274231,1249536,1434103,1468173,1530268,1388719,1346434,1280781,1377067,1290411,872765,486155,158066,161842,156561,155742,161549,148984,152293,144476,164079,126515,105788,119979,112756,139433,126844,127249,118533,120100,146137,150577,163619,136298,117509,158629,230076,354920,483883,645121,670509,700606,734228,704783,952469,798469,749436,869244,865811,953714,1062791,1121189,1132638,1070245,978519,931227,1144542,927746,1062149,1041861,1066958,1145499,1197941,1310756,1339946,1279258,1193867,1092067,1228630,1156012,1022894,984769,1164539,1306000,1417096,1481346,1505220,1394910,1348993,1199007,1405860
,,,,,,,,,,,,,,,,,,,,,,,,,,,,,,,,,,,,,,,,,,,,,,,,,,,,,,,,,,,,,,,,,,,,,,,,,,,,,,,,,,,,,,,,,,,,,,,,,,,,,,,,,,,,,,,,,,,,,,,,,,,,,,,,,,,,,,,,,,,,,,,,,,,,,,,,,,,,,,,,,,,,,,,,,,,,,,,,,,,,,,,,,,,,,,,,,,,,,,,,,,,,,,,,,,,,,,,,
Catatan,<br />Mulai tahun 2020 data pintu masuk Tanjung Mas digabung dengan Pintu masuk laut lainnya.,Pintu Adi Sucipto termasuk Yogyakarta International Airport/YIA.,Revisi angka pada bulan Desember 2024 dan Januari-Maret 2025 karena data MPD baru tersedia.,"Sumber: Kementerian Imigrasi dan Pemasyarakatan; dan MPD, diolah.",<br /><br />,,,,,,,,,,,,,,,,,,,,,,,,,,,,,,,,,,,,,,,,,,,,,,,,,,,,,,,,,,,,,,,,,,,,,,,,,,,,,,,,,,,,,,,,,,,,,,,,,,,,,,,,,,,,,,,,,,,,,,,,,,,,,,,,,,,,,,,,,,,,,,,,,,,,,,,,,,,,,,,,,,,,,,,,,,,,,,,,,,,,,,,,,,,,,,,,,,,,,,,,,,,,,,,,,,,
